station_id,rows_all,feats_baseline,MAE80_baseline,feats_lag123,MAE80_lag123,delta80(MAE_lag-base),rows14,MAE14_baseline,MAE14_lag123,delta14(MAE_lag-base)
hk-tuen-mun,16,16,13.851874999999998,19,12.727499999999997,-1.1243750000000006,14,5.549107142857143,5.5203846153846134,-0.02872252747252979
